{
    "loss": 8.96272087097168,
    "accuracy": 0.5179855823516846
}